Job_ID,Skill_ID
5864434043,11
5864422325,11
5864433137,7
5864431952,11
5864435968,10
5864435968,11
5846723588,3
5864438212,12
5864438212,17
5870527899,11
5859991660,11
5867035828,10
5867035828,11
5864438745,10
5857213368,10
5864434632,1
5864434632,7
5864434632,8
5864439309,1
5864439309,7
5864439309,8
5864428823,1
5864428823,10
5864436909,1
5864423140,10
5864423140,11
5868794080,10
5864425959,1
5867264907,1
5851314119,13
5864423455,1
5864423455,10
5864439196,3
5865286259,11
5858114183,6
5864427492,14
5864435640,7
5864435640,10
5864421825,1
5864438059,1
5864438059,6
5864438059,10
5868789143,1
5864423042,14
5864424833,10
5812352805,19
5864438314,14
5864433025,1
5864438723,11
5864424528,13
5864439387,1
5864439387,2
5867035976,1
5869558894,2
5868794288,1
5838614354,2
5836227791,13
5869479497,17
5865169906,11
5865169906,12
5865169906,13
5865169906,19
5836477057,1
5836477057,2
5836477057,3
5836477057,6
5836477057,8
5758364393,11
4725867393,11
5869479521,4
5860532858,6
5860532858,10
5860532858,11
5860532858,12
4801532684,10
4801532684,11
5337950212,1
5337950212,3
5337950212,6
5337950212,12
5781956187,10
5781956187,11
3166190744,12
5859120974,10
5859120974,11
3900854302,11
3900854302,19
5727082142,13
5859124842,11
5719182260,6
5719182260,10
5719182260,11
5815241095,16
2609531597,10
2609531597,11
3266737478,19
5842051499,10
5861795571,3
5832798246,3
5832798246,10
5832798246,11
5832798246,19
5255506980,10
5255506980,11
5255506980,19
5849525633,11
5849525633,19
5796404549,13
5727133034,10
5629158866,10
5629158866,11
5629158866,19
4794473965,10
4794473965,12
5120355680,4
5120355680,11
4091518943,11
4091518943,19
5850378534,10
5850378534,11
5850378534,19
5728332881,10
5728332881,11
2583051695,10
2583051695,11
5699259929,11
5861231518,11
5861221076,11
5864854473,11
5329708622,4
5329708622,7
5329708622,17
5832798190,10
5832798190,11
5832798160,10
5832798160,11
5832798189,10
5832798189,11
5832798146,10
5832798146,11
5832798154,10
5832798154,11
5832798168,10
5832798168,11
5832798175,10
5832798175,11
5861792577,11
5828668155,10
4686706474,17
5727143893,11
5727143893,13
5727143893,15
5336689187,1
5336689187,4
5336689187,7
5336689187,19
3911379858,11
3592404194,1
3592404194,14
5842569972,11
5822020256,11
5822020256,12
5822020256,19
4855312747,11
4855312747,17
5850380679,10
5850380679,11
5861243168,11
5858377156,10
5858377156,11
4386562594,14
4386562594,16
4386562594,17
4386562594,19
5846911659,3
5846911659,10
5846911659,11
5854880424,11
5854880420,11
5854880417,11
5549958855,11
4686706698,11
4686706698,14
4686706698,15
4686706698,17
5551011286,11
5796406369,1
5831397290,11
5831397290,19
5239552785,11
5239552785,17
2766491353,19
5754832051,10
5754832051,11
5766551671,11
5846909382,1
5846909382,6
5846909382,10
5846909382,11
5846909382,14
4964034326,19
5829887011,10
3064219213,19
5821860803,10
5042641487,1
5042641487,4
5042641487,5
5042641487,6
5042641487,8
2330850843,18
5211779262,1
5211779262,6
5211779262,10
5211779262,17
3032213576,19
5870527270,7
5864442719,1
5868794225,5
5868794225,6
5868794860,1
5868794860,4
5868794860,6
5868794860,7
5864432449,1
5864432449,11
5864432449,18
5864427756,1
5864427756,2
5864427756,6
5864427756,7
5864427756,8
5864426421,2
5864426421,6
5864426421,17
5864431866,6
5864437276,7
5864437276,9
5867036118,11
5864431665,1
5864431665,17
5867263471,1
5867263471,2
5864422728,6
5868789197,1
5868789197,4
5868789197,5
5868789197,6
5868789197,7
5868789197,8
5868789197,18
5837139892,2
5867037378,6
5867037378,11
5864426328,6
5867263586,1
5867263586,11
5864436751,6
5864436751,11
5864423408,1
5864423408,2
5864427373,1
5864427373,6
5864427373,11
5864432450,1
5864432450,2
5869559140,6
5869559140,11
5864426170,1
5864426170,2
5864430061,3
5870527967,4
5870527967,6
5870527967,7
5870527967,17
5864422819,11
5864431325,2
5864431703,6
5864431703,7
5870527917,7
5864433088,1
5864423974,12
5867263507,1
5867263507,2
5867263507,7
5864425686,1
5864425686,11
5867036131,1
5864443205,1
5864443205,2
5864432410,1
5837139920,2
5867264957,1
5867264957,2
5864439568,2
5864439568,11
5859569764,10
5864424584,2
5864434823,6
5864424975,1
5864424975,11
5867265799,7
5864439271,1
5864441497,7
5864437297,7
5864437297,11
5869803335,1
5869803335,2
5869803335,5
5869803335,8
5857207887,1
5680120020,4
5858205145,1
5858205145,4
5759267308,1
5868794175,11
5865169472,1
5865169472,6
5865169472,13
5819873638,4
5735463452,6
1993882092,6
5868120206,1
5868120206,6
5868120206,11
5850375334,1
5850375334,2
5850375334,5
5850375334,8
5850375334,9
5728436260,11
5781956391,1
5781956391,2
5846549911,14
5503836577,1
5503836577,2
5831395731,1
5831395731,8
5849858928,3
5849858928,6
2500155500,1
2500155500,2
2500155500,6
2500155500,7
2500155500,8
4993547435,2
5532438214,6
2247134476,1
2247134476,2
2247134476,6
2247134476,10
5858131073,1
5858131073,2
5336689191,6
5336689191,7
5336689191,8
5832798180,1
5832798180,2
5832798180,4
5832798180,6
5832798180,7
5832798180,8
5832798159,1
5832798159,2
5832798159,4
5832798159,6
5832798159,7
5832798159,8
5832798167,1
5832798167,2
5832798167,4
5832798167,6
5832798167,7
5832798167,8
5832798187,1
5832798187,2
5832798187,4
5832798187,6
5832798187,7
5832798187,8
5832798181,1
5832798181,2
5832798181,4
5832798181,6
5832798181,7
5832798181,8
5832798158,1
5832798158,2
5832798158,4
5832798158,6
5832798158,7
5832798158,8
4855397054,6
4855397054,17
5781956424,1
5727143467,1
5727143467,2
2433361449,6
2449398766,1
2449398766,6
5728445327,1
5728445327,4
5728445327,7
2890608757,1
2890608757,6
4686704927,3
4686704927,17
4715697356,1
4715697356,2
4715697356,4
4715697356,6
5800765376,4
5800765376,5
5800765376,7
5800765376,8
2403881225,11
5681009000,1
5681009000,2
5857746715,7
5857746715,8
5814494533,1
5814494533,2
5549594782,18
5768623778,1
5768623778,6
3337906172,10
3337906172,11
5796414147,5
5796414147,6
5762286343,1
5762286343,2
5762286343,4
5762286343,6
5762286343,7
2572832371,10
5842590109,6
5831397285,6
5831397285,11
5796410882,4
5796410882,11
5796410881,4
5796410881,11
5796410883,4
5796410883,11
5796410880,4
5796410880,11
5789394746,3
2853928118,1
2853928118,2
2853928118,5
5727163751,1
5727163751,7
5727163751,8
5831864150,6
5811736900,6
5811736899,6
5850376089,7
5850376089,11
5379021882,6
